Workbook

Sheet Daily
A1: Brent | B1: Rotterdam HFO380 | C1: Brent
A2: 35797 | B2: =_xlfn.XLOOKUP(A2,bunker_daily_raw!A2:A3818,bunker_daily_raw!B2:B3818) -> #N/A | C2: 15.77
A3: 35800 | B3: =_xlfn.XLOOKUP(A3,bunker_daily_raw!$A$2:$A$3819,bunker_daily_raw!$B$2:$B$3819) -> 69 | C3: 15.29
A4: 35801 | B4: =_xlfn.XLOOKUP(A4,bunker_daily_raw!$A$2:$A$3819,bunker_daily_raw!$B$2:$B$3819) -> 69.5 | C4: 15.48
A5: 35802 | B5: =_xlfn.XLOOKUP(A5,bunker_daily_raw!$A$2:$A$3819,bunker_daily_raw!$B$2:$B$3819) -> 63.5 | C5: 15.33
A6: 35803 | B6: =_xlfn.XLOOKUP(A6,bunker_daily_raw!$A$2:$A$3819,bunker_daily_raw!$B$2:$B$3819) -> 63.25 | C6: 15.47
A7: 35804 | B7: =_xlfn.XLOOKUP(A7,bunker_daily_raw!$A$2:$A$3819,bunker_daily_raw!$B$2:$B$3819) -> 60.5 | C7: 15.33
A8: 35807 | B8: =_xlfn.XLOOKUP(A8,bunker_daily_raw!$A$2:$A$3819,bunker_daily_raw!$B$2:$B$3819) -> 62.5 | C8: 15.07
A9: 35808 | B9: =_xlfn.XLOOKUP(A9,bunker_daily_raw!$A$2:$A$3819,bunker_daily_raw!$B$2:$B$3819) -> 63.5 | C9: 15.08
A10: 35809 | B10: =_xlfn.XLOOKUP(A10,bunker_daily_raw!$A$2:$A$3819,bunker_daily_raw!$B$2:$B$3819) -> 63.5 | C10: 14.81
A11: 35810 | B11: =_xlfn.XLOOKUP(A11,bunker_daily_raw!$A$2:$A$3819,bunker_daily_raw!$B$2:$B$3819) -> 65 | C11: 14.75
A12: 35811 | B12: =_xlfn.XLOOKUP(A12,bunker_daily_raw!$A$2:$A$3819,bunker_daily_raw!$B$2:$B$3819) -> 64.5 | C12: 14.89
A13: 35814 | B13: =_xlfn.XLOOKUP(A13,bunker_daily_raw!$A$2:$A$3819,bunker_daily_raw!$B$2:$B$3819) -> 67 | C13: 15.38
A14: 35815 | B14: =_xlfn.XLOOKUP(A14,bunker_daily_raw!$A$2:$A$3819,bunker_daily_raw!$B$2:$B$3819) -> 67 | C14: 14.95
... A71: 35894 | B71: =_xlfn.XLOOKUP(A71,bunker_daily_raw!$A$2:$A$3819,bunker_daily_raw!$B$2:$B$3819) -> 75.75 | C71: 13.23
A72: 35895 | B72: =_xlfn.XLOOKUP(A72,bunker_daily_raw!$A$2:$A$3819,bunker_daily_raw!$B$2:$B$3819) -> #N/A
A73: 35898 | B73: =_xlfn.XLOOKUP(A73,bunker_daily_raw!$A$2:$A$3819,bunker_daily_raw!$B$2:$B$3819) -> 75.75
A74: 35899 | B74: =_xlfn.XLOOKUP(A74,bunker_daily_raw!$A$2:$A$3819,bunker_daily_raw!$B$2:$B$3819) -> 77.5 | C74: 13.15
A75: 35900 | B75: =_xlfn.XLOOKUP(A75,bunker_daily_raw!$A$2:$A$3819,bunker_daily_raw!$B$2:$B$3819) -> 75 | C75: 13.31
A76: 35901 | B76: =_xlfn.XLOOKUP(A76,bunker_daily_raw!$A$2:$A$3819,bunker_daily_raw!$B$2:$B$3819) -> 71.75 | C76: 13.68
A77: 35902 | B77: =_xlfn.XLOOKUP(A77,bunker_daily_raw!$A$2:$A$3819,bunker_daily_raw!$B$2:$B$3819) -> 70.5 | C77: 14.06
A78: 35905 | B78: =_xlfn.XLOOKUP(A78,bunker_daily_raw!$A$2:$A$3819,bunker_daily_raw!$B$2:$B$3819) -> 69 | C78: 13.82
A79: 35906 | B79: =_xlfn.XLOOKUP(A79,bunker_daily_raw!$A$2:$A$3819,bunker_daily_raw!$B$2:$B$3819) -> 69 | C79: 13.95
A80: 35907 | B80: =_xlfn.XLOOKUP(A80,bunker_daily_raw!$A$2:$A$3819,bunker_daily_raw!$B$2:$B$3819) -> 70.25 | C80: 13.71
A81: 35908 | B81: =_xlfn.XLOOKUP(A81,bunker_daily_raw!$A$2:$A$3819,bunker_daily_raw!$B$2:$B$3819) -> 68.5 | C81: 13.42
A82: 35909 | B82: =_xlfn.XLOOKUP(A82,bunker_daily_raw!$A$2:$A$3819,bunker_daily_raw!$B$2:$B$3819) -> 69 | C82: 13.32
A83: 35912 | B83: =_xlfn.XLOOKUP(A83,bunker_daily_raw!$A$2:$A$3819,bunker_daily_raw!$B$2:$B$3819) -> 69.5 | C83: 13.65
A84: 35913 | B84: =_xlfn.XLOOKUP(A84,bunker_daily_raw!$A$2:$A$3819,bunker_daily_raw!$B$2:$B$3819) -> 67.5 | C84: 13.88
A85: 35914 | B85: =_xlfn.XLOOKUP(A85,bunker_daily_raw!$A$2:$A$3819,bunker_daily_raw!$B$2:$B$3819) -> 66.25 | C85: 14.09
... A87: 35916 | B87: =_xlfn.XLOOKUP(A87,bunker_daily_raw!$A$2:$A$3819,bunker_daily_raw!$B$2:$B$3819) -> #N/A | C87: 14.6
A88: 35919 | B88: =_xlfn.XLOOKUP(A88,bunker_daily_raw!$A$2:$A$3819,bunker_daily_raw!$B$2:$B$3819) -> 63.5
A89: 35920 | B89: =_xlfn.XLOOKUP(A89,bunker_daily_raw!$A$2:$A$3819,bunker_daily_raw!$B$2:$B$3819) -> 63.5 | C89: 14.13
A90: 35921 | B90: =_xlfn.XLOOKUP(A90,bunker_daily_raw!$A$2:$A$3819,bunker_daily_raw!$B$2:$B$3819) -> 65.75 | C90: 13.91
A91: 35922 | B91: =_xlfn.XLOOKUP(A91,bunker_daily_raw!$A$2:$A$3819,bunker_daily_raw!$B$2:$B$3819) -> 67.25 | C91: 13.81
A92: 35923 | B92: =_xlfn.XLOOKUP(A92,bunker_daily_raw!$A$2:$A$3819,bunker_daily_raw!$B$2:$B$3819) -> 65 | C92: 13.94
A93: 35926 | B93: =_xlfn.XLOOKUP(A93,bunker_daily_raw!$A$2:$A$3819,bunker_daily_raw!$B$2:$B$3819) -> #N/A | C93: 14.41
A94: 35927 | B94: =_xlfn.XLOOKUP(A94,bunker_daily_raw!$A$2:$A$3819,bunker_daily_raw!$B$2:$B$3819) -> 64.25 | C94: 14.75
A95: 35928 | B95: =_xlfn.XLOOKUP(A95,bunker_daily_raw!$A$2:$A$3819,bunker_daily_raw!$B$2:$B$3819) -> 63.5 | C95: 14.15
A96: 35929 | B96: =_xlfn.XLOOKUP(A96,bunker_daily_raw!$A$2:$A$3819,bunker_daily_raw!$B$2:$B$3819) -> 64.5 | C96: 14.29
A97: 35930 | B97: =_xlfn.XLOOKUP(A97,bunker_daily_raw!$A$2:$A$3819,bunker_daily_raw!$B$2:$B$3819) -> 63.5 | C97: 14.33
A98: 35933 | B98: =_xlfn.XLOOKUP(A98,bunker_daily_raw!$A$2:$A$3819,bunker_daily_raw!$B$2:$B$3819) -> 64.5 | C98: 14.72
A99: 35934 | B99: =_xlfn.XLOOKUP(A99,bunker_daily_raw!$A$2:$A$3819,bunker_daily_raw!$B$2:$B$3819) -> 64.5 | C99: 14.87
A100: 35935 | B100: =_xlfn.XLOOKUP(A100,bunker_daily_raw!$A$2:$A$3819,bunker_daily_raw!$B$2:$B$3819) -> 64.75 | C100: 14.58
... A102: 35937 | B102: =_xlfn.XLOOKUP(A102,bunker_daily_raw!$A$2:$A$3819,bunker_daily_raw!$B$2:$B$3819) -> 62 | C102: 14.33
A103: 35940 | B103: =_xlfn.XLOOKUP(A103,bunker_daily_raw!$A$2:$A$3819,bunker_daily_raw!$B$2:$B$3819) -> 62.75
A104: 35941 | B104: =_xlfn.XLOOKUP(A104,bunker_daily_raw!$A$2:$A$3819,bunker_daily_raw!$B$2:$B$3819) -> 61.25 | C104: 14.27
A105: 35942 | B105: =_xlfn.XLOOKUP(A105,bunker_daily_raw!$A$2:$A$3819,bunker_daily_raw!$B$2:$B$3819) -> 63.5 | C105: 14.78
A106: 35943 | B106: =_xlfn.XLOOKUP(A106,bunker_daily_raw!$A$2:$A$3819,bunker_daily_raw!$B$2:$B$3819) -> 64 | C106: 14.71
A107: 35944 | B107: =_xlfn.XLOOKUP(A107,bunker_daily_raw!$A$2:$A$3819,bunker_daily_raw!$B$2:$B$3819) -> 65 | C107: 14.03
A108: 35947 | B108: =_xlfn.XLOOKUP(A108,bunker_daily_raw!$A$2:$A$3819,bunker_daily_raw!$B$2:$B$3819) -> 65 | C108: 13.66
A109: 35948 | B109: =_xlfn.XLOOKUP(A109,bunker_daily_raw!$A$2:$A$3819,bunker_daily_raw!$B$2:$B$3819) -> 65.5 | C109: 13.62
A110: 35949 | B110: =_xlfn.XLOOKUP(A110,bunker_daily_raw!$A$2:$A$3819,bunker_daily_raw!$B$2:$B$3819) -> 67 | C110: 13.23
A111: 35950 | B111: =_xlfn.XLOOKUP(A111,bunker_daily_raw!$A$2:$A$3819,bunker_daily_raw!$B$2:$B$3819) -> 69 | C111: 13.71
A112: 35951 | B112: =_xlfn.XLOOKUP(A112,bunker_daily_raw!$A$2:$A$3819,bunker_daily_raw!$B$2:$B$3819) -> 69.5 | C112: 13.95
A113: 35954 | B113: =_xlfn.XLOOKUP(A113,bunker_daily_raw!$A$2:$A$3819,bunker_daily_raw!$B$2:$B$3819) -> 66 | C113: 13.56
A114: 35955 | B114: =_xlfn.XLOOKUP(A114,bunker_daily_raw!$A$2:$A$3819,bunker_daily_raw!$B$2:$B$3819) -> 65.5 | C114: 12.76
A115: 35956 | B115: =_xlfn.XLOOKUP(A115,bunker_daily_raw!$A$2:$A$3819,bunker_daily_raw!$B$2:$B$3819) -> 65 | C115: 12.23
... A172: 36035 | B172: =_xlfn.XLOOKUP(A172,bunker_daily_raw!$A$2:$A$3819,bunker_daily_raw!$B$2:$B$3819) -> 66 | C172: 12.06
A173: 36038 | B173: =_xlfn.XLOOKUP(A173,bunker_daily_raw!$A$2:$A$3819,bunker_daily_raw!$B$2:$B$3819) -> 66.25
A174: 36039 | B174: =_xlfn.XLOOKUP(A174,bunker_daily_raw!$A$2:$A$3819,bunker_daily_raw!$B$2:$B$3819) -> 67 | C174: 12.11
A175: 36040 | B175: =_xlfn.XLOOKUP(A175,bunker_daily_raw!$A$2:$A$3819,bunker_daily_raw!$B$2:$B$3819) -> 70.75 | C175: 12.05
A176: 36041 | B176: =_xlfn.XLOOKUP(A176,bunker_daily_raw!$A$2:$A$3819,bunker_daily_raw!$B$2:$B$3819) -> 69 | C176: 12.54
A177: 36042 | B177: =_xlfn.XLOOKUP(A177,bunker_daily_raw!$A$2:$A$3819,bunker_daily_raw!$B$2:$B$3819) -> 71 | C177: 12.96
A178: 36045 | B178: =_xlfn.XLOOKUP(A178,bunker_daily_raw!$A$2:$A$3819,bunker_daily_raw!$B$2:$B$3819) -> 70 | C178: 12.51
A179: 36046 | B179: =_xlfn.XLOOKUP(A179,bunker_daily_raw!$A$2:$A$3819,bunker_daily_raw!$B$2:$B$3819) -> 70.75 | C179: 12.53
A180: 36047 | B180: =_xlfn.XLOOKUP(A180,bunker_daily_raw!$A$2:$A$3819,bunker_daily_raw!$B$2:$B$3819) -> 71 | C180: 12.53
A181: 36048 | B181: =_xlfn.XLOOKUP(A181,bunker_daily_raw!$A$2:$A$3819,bunker_daily_raw!$B$2:$B$3819) -> 71.75 | C181: 12.82
A182: 36049 | B182: =_xlfn.XLOOKUP(A182,bunker_daily_raw!$A$2:$A$3819,bunker_daily_raw!$B$2:$B$3819) -> 71.5 | C182: 12.66
A183: 36052 | B183: =_xlfn.XLOOKUP(A183,bunker_daily_raw!$A$2:$A$3819,bunker_daily_raw!$B$2:$B$3819) -> 71.5 | C183: 12.47
A184: 36053 | B184: =_xlfn.XLOOKUP(A184,bunker_daily_raw!$A$2:$A$3819,bunker_daily_raw!$B$2:$B$3819) -> 70 | C184: 12.61
A185: 36054 | B185: =_xlfn.XLOOKUP(A185,bunker_daily_raw!$A$2:$A$3819,bunker_daily_raw!$B$2:$B$3819) -> 70 | C185: 12.65
... A256: 36153 | B256: =_xlfn.XLOOKUP(A256,bunker_daily_raw!$A$2:$A$3819,bunker_daily_raw!$B$2:$B$3819) -> 64 | C256: 9.91
A257: 36154 | B257: =_xlfn.XLOOKUP(A257,bunker_daily_raw!$A$2:$A$3819,bunker_daily_raw!$B$2:$B$3819) -> #N/A
A258: 36157 | B258: =_xlfn.XLOOKUP(A258,bunker_daily_raw!$A$2:$A$3819,bunker_daily_raw!$B$2:$B$3819) -> 63.75
A259: 36158 | B259: =_xlfn.XLOOKUP(A259,bunker_daily_raw!$A$2:$A$3819,bunker_daily_raw!$B$2:$B$3819) -> 63.5 | C259: 10.23
A260: 36159 | B260: =_xlfn.XLOOKUP(A260,bunker_daily_raw!$A$2:$A$3819,bunker_daily_raw!$B$2:$B$3819) -> 60.5 | C260: 10.45
A261: 36160 | B261: =_xlfn.XLOOKUP(A261,bunker_daily_raw!$A$2:$A$3819,bunker_daily_raw!$B$2:$B$3819) -> 59.5 | C261: 10.54
A262: 36161 | B262: =_xlfn.XLOOKUP(A262,bunker_daily_raw!$A$2:$A$3819,bunker_daily_raw!$B$2:$B$3819) -> #N/A
A263: 36164 | B263: =_xlfn.XLOOKUP(A263,bunker_daily_raw!$A$2:$A$3819,bunker_daily_raw!$B$2:$B$3819) -> 59.5 | C263: 10.94
A264: 36165 | B264: =_xlfn.XLOOKUP(A264,bunker_daily_raw!$A$2:$A$3819,bunker_daily_raw!$B$2:$B$3819) -> 61 | C264: 10.3
A265: 36166 | B265: =_xlfn.XLOOKUP(A265,bunker_daily_raw!$A$2:$A$3819,bunker_daily_raw!$B$2:$B$3819) -> 59.25 | C265: 10.67
A266: 36167 | B266: =_xlfn.XLOOKUP(A266,bunker_daily_raw!$A$2:$A$3819,bunker_daily_raw!$B$2:$B$3819) -> 57.25 | C266: 11.08
A267: 36168 | B267: =_xlfn.XLOOKUP(A267,bunker_daily_raw!$A$2:$A$3819,bunker_daily_raw!$B$2:$B$3819) -> 56.75 | C267: 11.7
A268: 36171 | B268: =_xlfn.XLOOKUP(A268,bunker_daily_raw!$A$2:$A$3819,bunker_daily_raw!$B$2:$B$3819) -> 58 | C268: 12.07
A269: 36172 | B269: =_xlfn.XLOOKUP(A269,bunker_daily_raw!$A$2:$A$3819,bunker_daily_raw!$B$2:$B$3819) -> 58 | C269: 11.78
A270: 36173 | B270: =_xlfn.XLOOKUP(A270,bunker_daily_raw!$A$2:$A$3819,bunker_daily_raw!$B$2:$B$3819) -> 58.75 | C270: 10.9
A271: 36174 | B271: =_xlfn.XLOOKUP(A271,bunker_daily_raw!$A$2:$A$3819,bunker_daily_raw!$B$2:$B$3819) -> 56.75 | C271: 11.1
A272: 36175 | B272: =_xlfn.XLOOKUP(A272,bunker_daily_raw!$A$2:$A$3819,bunker_daily_raw!$B$2:$B$3819) -> 55.25 | C272: 10.97
A273: 36178 | B273: =_xlfn.XLOOKUP(A273,bunker_daily_raw!$A$2:$A$3819,bunker_daily_raw!$B$2:$B$3819) -> 56.5 | C273: 10.81
A274: 36179 | B274: =_xlfn.XLOOKUP(A274,bunker_daily_raw!$A$2:$A$3819,bunker_daily_raw!$B$2:$B$3819) -> #N/A | C274: 11.19
... A292: 36203 | B292: =_xlfn.XLOOKUP(A292,bunker_daily_raw!$A$2:$A$3819,bunker_daily_raw!$B$2:$B$3819) -> 56.25 | C292: 9.97
A293: 36206 | B293: =_xlfn.XLOOKUP(A293,bunker_daily_raw!$A$2:$A$3819,bunker_daily_raw!$B$2:$B$3819) -> 57.25
A294: 36207 | B294: =_xlfn.XLOOKUP(A294,bunker_daily_raw!$A$2:$A$3819,bunker_daily_raw!$B$2:$B$3819) -> #N/A | C294: 9.98
A295: 36208 | B295: =_xlfn.XLOOKUP(A295,bunker_daily_raw!$A$2:$A$3819,bunker_daily_raw!$B$2:$B$3819) -> #N/A | C295: 10.09
A296: 36209 | B296: =_xlfn.XLOOKUP(A296,bunker_daily_raw!$A$2:$A$3819,bunker_daily_raw!$B$2:$B$3819) -> 57.5 | C296: 9.93
A297: 36210 | B297: =_xlfn.XLOOKUP(A297,bunker_daily_raw!$A$2:$A$3819,bunker_daily_raw!$B$2:$B$3819) -> 57.5 | C297: 10.29
A298: 36213 | B298: =_xlfn.XLOOKUP(A298,bunker_daily_raw!$A$2:$A$3819,bunker_daily_raw!$B$2:$B$3819) -> 57.75 | C298: 10.24
A299: 36214 | B299: =_xlfn.XLOOKUP(A299,bunker_daily_raw!$A$2:$A$3819,bunker_daily_raw!$B$2:$B$3819) -> 55.5 | C299: 10.58
A300: 36215 | B300: =_xlfn.XLOOKUP(A300,bunker_daily_raw!$A$2:$A$3819,bunker_daily_raw!$B$2:$B$3819) -> 55.25 | C300: 10.64
A301: 36216 | B301: =_xlfn.XLOOKUP(A301,bunker_daily_raw!$A$2:$A$3819,bunker_daily_raw!$B$2:$B$3819) -> 57.5 | C301: 10.84
...

Sheet Monthly
A1: Date | B1: Rotterdam HFO380cst | C1: Brent
A2: 32874 | B2: 92.875 | C2: =bunker_monthly_cal!Q34 -> 21.7925
A3: 32905 | B3: 89.5 | C3: =bunker_monthly_cal!Q35 -> 19.785
A4: 32933 | B4: 84.3 | C4: =bunker_monthly_cal!Q36 -> 18.418
A5: 32964 | B5: 78.25 | C5: =bunker_monthly_cal!Q37 -> 12.47
A6: 32994 | B6: 75.375 | C6: =bunker_monthly_cal!Q38 -> 16.335
A7: 33025 | B7: 60.2 | C7: =bunker_monthly_cal!Q39 -> 15.278
A8: 33055 | B8: 70.75 | C8: =bunker_monthly_cal!Q40 -> 17.3525
A9: 33086 | B9: 113.6 | C9: =bunker_monthly_cal!Q41 -> 27.666
A10: 33117 | B10: 133.625 | C10: =bunker_monthly_cal!Q42 -> 35.6875
A11: 33147 | B11: 142.625 | C11: =bunker_monthly_cal!Q43 -> 36.47
A12: 33178 | B12: 138.7 | C12: =bunker_monthly_cal!Q44 -> 32.62
A13: 33208 | B13: 143.625 | C13: =bunker_monthly_cal!Q45 -> 27.77
... A418: 45536 | B418: 422.5625 | C418: =bunker_monthly_cal!Q450 -> 73.5225

Sheet bunker_weekly_raw
A1: Date | B1: Rotterdam HFO380cst | D1: Date | E1: Brent
A2: 35800 | B2: 69 | D2: 31917 | E2: 18.63
A3: 35801 | B3: 69.5 | D3: 31918 | E3: 18.45
A4: 35802 | B4: 63.5 | D4: 31919 | E4: 18.55
A5: 35803 | B5: 63.25 | D5: 31922 | E5: 18.6
A6: 35804 | B6: 60.5 | D6: 31923 | E6: 18.63
A7: 35807 | B7: 62.5 | D7: 31924 | E7: 18.6
A8: 35808 | B8: 63.5 | D8: 31925 | E8: 18.6
A9: 35809 | B9: 63.5 | D9: 31926 | E9: 18.58
A10: 35810 | B10: 65 | D10: 31929 | E10: 18.65
A11: 35811 | B11: 64.5 | D11: 31930 | E11: 18.68
A12: 35814 | B12: 67 | D12: 31931 | E12: 18.75
A13: 35815 | B13: 67 | D13: 31932 | E13: 18.78
... A19: 35828 | B19: 64.25 | D19: 31940 | E19: 18.78
A20: 35829 | B20: 63.5 | D20: 31943
A21: 35830 | B21: 64 | D21: 31944 | E21: 18.9
A22: 35831 | B22: 67 | D22: 31945 | E22: 19.03
A23: 35832 | B23: 65.5 | D23: 31946 | E23: 19.05
A24: 35835 | B24: 67 | D24: 31947 | E24: 19.05
A25: 35836 | B25: 66 | D25: 31950 | E25: 19.1
A26: 35837 | B26: 66 | D26: 31951 | E26: 18.9
A27: 35838 | B27: 67 | D27: 31952 | E27: 18.75
A28: 35839 | B28: 67.5 | D28: 31953 | E28: 18.7
A29: 35842 | B29: 64.25 | D29: 31954 | E29: 19.08
A30: 35843 | B30: 65.5 | D30: 31957 | E30: 19.15
A31: 35844 | B31: 65 | D31: 31958 | E31: 19.08
A32: 35845 | B32: 64.75 | D32: 31959 | E32: 18.98
... A158: 36028 | B158: 60 | D158: 32135 | E158: 17.1
A159: 36031 | B159: 62 | D159: 32136
A160: 36032 | B160: 66 | D160: 32139 | E160: 17
A161: 36033 | B161: 65.25 | D161: 32140 | E161: 17.38
A162: 36034 | B162: 64.5 | D162: 32141 | E162: 17.85
A163: 36035 | B163: 66 | D163: 32142 | E163: 17.6
A164: 36038 | B164: 66.25 | D164: 32143
A165: 36039 | B165: 67 | D165: 32146 | E165: 17.95
A166: 36040 | B166: 70.75 | D166: 32147 | E166: 17.08
A167: 36041 | B167: 69 | D167: 32148 | E167: 17.9
A168: 36042 | B168: 71 | D168: 32149
A169: 36045 | B169: 70 | D169: 32150 | E169: 16.88
A170: 36046 | B170: 70.75 | D170: 32153 | E170: 16.65
A171: 36047 | B171: 71 | D171: 32154 | E171: 15.95
A172: 36048 | B172: 71.75 | D172: 32155 | E172: 16.38
A173: 36049 | B173: 71.5 | D173: 32156 | E173: 16.55
A174: 36052 | B174: 71.5 | D174: 32157 | E174: 16.65
A175: 36053 | B175: 70 | D175: 32160 | E175: 16.83
A176: 36054 | B176: 70 | D176: 32161 | E176: 17.1
A177: 36055 | B177: 70.25 | D177: 32162 | E177: 16.83
A178: 36056 | B178: 68.75 | D178: 32163 | E178: 17.08
A179: 36059 | B179: 66.5 | D179: 32164 | E179: 16.7
A180: 36060 | B180: 66.5 | D180: 32167 | E180: 16.45
A181: 36061 | B181: 67.5 | D181: 32168
A182: 36062 | B182: 67.25 | D182: 32169 | E182: 16.13
A183: 36063 | B183: 65.75 | D183: 32170 | E183: 16.1
A184: 36066 | B184: 64.25 | D184: 32171 | E184: 16.28
A185: 36067 | B185: 64.5 | D185: 32174 | E185: 16.1
A186: 36068 | B186: 64.5 | D186: 32175 | E186: 16.18
A187: 36069 | B187: 62 | D187: 32176 | E187: 16.15
A188: 36070 | B188: 63.75 | D188: 32177 | E188: 16.18
A189: 36073 | B189: 64.5 | D189: 32178 | E189: 16.1
A190: 36074 | B190: 65.75 | D190: 32181 | E190: 16.5
A191: 36075 | B191: 65.75 | D191: 32182 | E191: 16.4
A192: 36076 | B192: 65.5 | D192: 32183 | E192: 16.13
A193: 36077 | B193: 63.75 | D193: 32184 | E193: 16.1
... A228: 36129 | B228: 56 | D228: 32233 | E228: 15.65
A229: 36130 | B229: 56 | D229: 32234
A230: 36131 | B230: 46.5 | D230: 32237
A231: 36132 | B231: 47 | D231: 32238 | E231: 15.5
A232: 36133 | B232: 49.5 | D232: 32239 | E232: 15.38
A233: 36136 | B233: 51 | D233: 32240 | E233: 15.53
A234: 36137 | B234: 54 | D234: 32241 | E234: 15.55
A235: 36138 | B235: 60.25 | D235: 32244 | E235: 16.2
A236: 36139 | B236: 59.5 | D236: 32245 | E236: 16.48
A237: 36140 | B237: 57.5 | D237: 32246 | E237: 16.55
A238: 36143 | B238: 61 | D238: 32247 | E238: 16.65
A239: 36144 | B239: 63 | D239: 32248 | E239: 16.85
A240: 36145 | B240: 62 | D240: 32251 | E240: 17.45
A241: 36146 | B241: 65 | D241: 32252 | E241: 17.05
A242: 36147 | B242: 63.75 | D242: 32253 | E242: 16.78
... A419: 36410 | B419: 116.5 | D419: 32500 | E419: 15.38
A420: 36411 | B420: 117.5 | D420: 32503
A421: 36412 | B421: 118.75 | D421: 32504 | E421: 16.25
A422: 36413 | B422: 119.75 | D422: 32505 | E422: 16.1
A423: 36416 | B423: 119.5 | D423: 32506 | E423: 15.9
A424: 36417 | B424: 120.5 | D424: 32507 | E424: 16.23
A425: 36418 | B425: 122 | D425: 32510
A426: 36419 | B426: 122.5 | D426: 32511 | E426: 16.4
A427: 36420 | B427: 125 | D427: 32512 | E427: 16.53
A428: 36423 | B428: 125 | D428: 32513 | E428: 16.58
A429: 36424 | B429: 122.75 | D429: 32514 | E429: 16.85
A430: 36425 | B430: 123.75 | D430: 32517 | E430: 17
A431: 36426 | B431: 122 | D431: 32518 | E431: 16.75
A432: 36427 | B432: 116 | D432: 32519 | E432: 16.9
A433: 36430 | B433: 116.5 | D433: 32520 | E433: 16.85
A434: 36431 | B434: 119.5 | D434: 32521 | E434: 17.4
A435: 36432 | B435: 128 | D435: 32524 | E435: 17.5
A436: 36433 | B436: 127.5 | D436: 32525 | E436: 17.78
A437: 36434 | B437: 127 | D437: 32526 | E437: 17.95
... A483: 36501 | B483: 116 | D483: 32590 | E483: 19.93
A484: 36502 | B484: 116.5 | D484: 32591
A485: 36503 | B485: 117.5 | D485: 32594
...

Sheet bunker_daily_raw
A1: Date | B1: Rotterdam HFO380cst
A2: 35800 | B2: 69
A3: 35801 | B3: 69.5
A4: 35802 | B4: 63.5
A5: 35803 | B5: 63.25
A6: 35804 | B6: 60.5
A7: 35807 | B7: 62.5
A8: 35808 | B8: 63.5
A9: 35809 | B9: 63.5
A10: 35810 | B10: 65
A11: 35811 | B11: 64.5
A12: 35814 | B12: 67
A13: 35815 | B13: 67
... A3608: 41054 | B3608: 612.5
A3609: 41057 | B3609: =VLOOKUP(A3609,Daily!F$3607:G$4751,2,0) -> #N/A
A3610: 41058 | B3610: =VLOOKUP(A3610,Daily!F$3607:G$4751,2,0) -> #N/A
A3611: 41059 | B3611: =VLOOKUP(A3611,Daily!F$3607:G$4751,2,0) -> #N/A
A3612: 41060 | B3612: =VLOOKUP(A3612,Daily!F$3607:G$4751,2,0) -> #N/A
A3613: 41061 | B3613: =VLOOKUP(A3613,Daily!F$3607:G$4751,2,0) -> #N/A
A3614: 41066 | B3614: =VLOOKUP(A3614,Daily!F$3607:G$4751,2,0) -> #N/A
A3615: 41067 | B3615: =VLOOKUP(A3615,Daily!F$3607:G$4751,2,0) -> #N/A
A3616: 41068 | B3616: =VLOOKUP(A3616,Daily!F$3607:G$4751,2,0) -> #N/A
A3617: 41071 | B3617: =VLOOKUP(A3617,Daily!F$3607:G$4751,2,0) -> #N/A
A3618: 41072 | B3618: =VLOOKUP(A3618,Daily!F$3607:G$4751,2,0) -> #N/A
A3619: 41073 | B3619: =VLOOKUP(A3619,Daily!F$3607:G$4751,2,0) -> #N/A
A3620: 41074 | B3620: =VLOOKUP(A3620,Daily!F$3607:G$4751,2,0) -> #N/A
... A3652: 41120 | B3652: =VLOOKUP(A3652,Daily!F$3607:G$4751,2,0) -> #N/A
A3653: 41121 | B3653: 605
A3654: 41122 | B3654: 607
A3655: 41123 | B3655: 609
A3656: 41124 | B3656: 625
A3657: 41127 | B3657: 628
A3658: 41128 | B3658: 641
A3659: 41129 | B3659: 643
A3660: 41130 | B3660: 647
A3661: 41131 | B3661: 645
A3662: 41134 | B3662: 651
A3663: 41135 | B3663: 653
A3664: 41136 | B3664: 660
... A3666: 41138 | B3666: 667
A3667: 41141 | B3667: =VLOOKUP(A3667,Daily!F$3607:G$4751,2,0) -> #N/A
A3668: 41142 | B3668: =VLOOKUP(A3668,Daily!F$3607:G$4751,2,0) -> #N/A
A3669: 41143 | B3669: =VLOOKUP(A3669,Daily!F$3607:G$4751,2,0) -> #N/A
A3670: 41144 | B3670: =VLOOKUP(A3670,Daily!F$3607:G$4751,2,0) -> #N/A
A3671: 41145 | B3671: =VLOOKUP(A3671,Daily!F$3607:G$4751,2,0) -> #N/A
A3672: 41149 | B3672: =VLOOKUP(A3672,Daily!F$3607:G$4751,2,0) -> #N/A
A3673: 41150 | B3673: =VLOOKUP(A3673,Daily!F$3607:G$4751,2,0) -> #N/A
A3674: 41151 | B3674: =VLOOKUP(A3674,Daily!F$3607:G$4751,2,0) -> #N/A
A3675: 41152 | B3675: =VLOOKUP(A3675,Daily!F$3607:G$4751,2,0) -> #N/A
A3676: 41155 | B3676: =VLOOKUP(A3676,Daily!F$3607:G$4751,2,0) -> #N/A
A3677: 41156 | B3677: =VLOOKUP(A3677,Daily!F$3607:G$4751,2,0) -> #N/A
A3678: 41157 | B3678: =VLOOKUP(A3678,Daily!F$3607:G$4751,2,0) -> #N/A
... A3687: 41170 | B3687: =VLOOKUP(A3687,Daily!F$3607:G$4751,2,0) -> #N/A
A3688: 41171 | B3688: 638
A3689: 41172 | B3689: =VLOOKUP(A3689,Daily!F$3607:G$4751,2,0) -> #N/A
A3690: 41173 | B3690: =VLOOKUP(A3690,Daily!F$3607:G$4751,2,0) -> #N/A
A3691: 41176 | B3691: =VLOOKUP(A3691,Daily!F$3607:G$4751,2,0) -> #N/A
A3692: 41177 | B3692: =VLOOKUP(A3692,Daily!F$3607:G$4751,2,0) -> #N/A
A3693: 41178 | B3693: =VLOOKUP(A3693,Daily!F$3607:G$4751,2,0) -> #N/A
A3694: 41179 | B3694: =VLOOKUP(A3694,Daily!F$3607:G$4751,2,0) -> #N/A
A3695: 41180 | B3695: =VLOOKUP(A3695,Daily!F$3607:G$4751,2,0) -> #N/A
A3696: 41183 | B3696: =VLOOKUP(A3696,Daily!F$3607:G$4751,2,0) -> #N/A
A3697: 41184 | B3697: =VLOOKUP(A3697,Daily!F$3607:G$4751,2,0) -> #N/A
A3698: 41185 | B3698: =VLOOKUP(A3698,Daily!F$3607:G$4751,2,0) -> #N/A
A3699: 41186 | B3699: =VLOOKUP(A3699,Daily!F$3607:G$4751,2,0) -> #N/A
A3700: 41187 | B3700: =VLOOKUP(A3700,Daily!F$3607:G$4751,2,0) -> #N/A
... A3748: 41255 | B3748: =VLOOKUP(A3748,Daily!F$3607:G$4751,2,0) -> #N/A
A3749: 41256 | B3749: 571
A3750: 41257 | B3750: 564
A3751: 41260 | B3751: 569
A3752: 41261 | B3752: 577
A3753: 41262 | B3753: 586
A3754: 41263 | B3754: 578
A3755: 41264 | B3755: 573
A3756: 41267 | B3756: =VLOOKUP(A3756,Daily!F$3607:G$4751,2,0) -> #N/A
A3757: 41276 | B3757: =VLOOKUP(A3757,Daily!F$3607:G$4751,2,0) -> #N/A
A3758: 41277 | B3758: =VLOOKUP(A3758,Daily!F$3607:G$4751,2,0) -> #N/A
A3759: 41278 | B3759: =VLOOKUP(A3759,Daily!F$3607:G$4751,2,0) -> #N/A
A3760: 41281 | B3760: =VLOOKUP(A3760,Daily!F$3607:G$4751,2,0) -> #N/A
A3761: 41282 | B3761: =VLOOKUP(A3761,Daily!F$3607:G$4751,2,0) -> #N/A
A3762: 41283 | B3762: =VLOOKUP(A3762,Daily!F$3607:G$4751,2,0) -> #N/A
A3763: 41284 | B3763: =VLOOKUP(A3763,Daily!F$3607:G$4751,2,0) -> #N/A
A3764: 41285 | B3764: =VLOOKUP(A3764,Daily!F$3607:G$4751,2,0) -> #N/A
A3765: 41288 | B3765: =VLOOKUP(A3765,Daily!F$3607:G$4751,2,0) -> #N/A
A3766: 41289 | B3766: =VLOOKUP(A3766,Daily!F$3607:G$4751,2,0) -> #N/A
A3767: 41290 | B3767: =VLOOKUP(A3767,Daily!F$3607:G$4751,2,0) -> #N/A
... A3784: 41313 | B3784: =VLOOKUP(A3784,Daily!F$3607:G$4751,2,0) -> #N/A
A3785: 41316 | B3785: 637.5
A3786: 41317 | B3786: 645.5
A3787: 41318 | B3787: 641
A3788: 41319 | B3788: 642.5
A3789: 41320 | B3789: 643.5
A3790: 41323 | B3790: 638.5
A3791: 41324 | B3791: 635.5
A3792: 41325 | B3792: 634.5
A3793: 41326 | B3793: 633.5
A3794: 41327 | B3794: 623.5
A3795: 41330 | B3795: 616
A3796: 41331 | B3796: 619.5
... A3818: 41361 | B3818: 605

Sheet bunker_monthly_cal
A1: Date | B1: Rotterdam HFO380cst | E1: brent | G1: EOW Date | H1: EOW brent | I1: month | J1: year | M1: Monthly brent | O1: Monthly brent sorted (manualy sorted)
A2: 32874 | B2: 92.875 | D2: 31917 | E2: 18.63 | G2: =D4 -> 31919 | H2: =_xlfn.XLOOKUP(G2,D:D,E:E) -> 18.55 | I2: =MONTH(G2) -> 5 | J2: =YEAR(G2) -> 1987 | K2: {=_xlfn.GROUPBY(I2:J2006,H2:H2006,_xleta.AVERAGE)} -> 1 | L2: 1988 | M2: 13.302 | O2: 5 | P2: 1987 | Q2: 18.565
A3: 32905 | B3: 89.5 | D3: 31918 | E3: 18.45 | G3: =G2+7 -> 31926 | H3: =_xlfn.XLOOKUP(G3,D:D,E:E) -> 18.58 | I3: =MONTH(G3) -> 5 | J3: =YEAR(G3) -> 1987 | K3: 1 | L3: 1989 | M3: 17.395 | O3: 6 | P3: 1987 | Q3: 18.89
A4: 32933 | B4: 84.3 | D4: 31919 | E4: 18.55 | G4: =G3+7 -> 31933 | H4: =_xlfn.XLOOKUP(G4,D:D,E:E) -> 18.65 | I4: =MONTH(G4) -> 6 | J4: =YEAR(G4) -> 1987 | K4: 1 | L4: 1990 | M4: 21.7925 | O4: 7 | P4: 1987 | Q4: 19.86
A5: 32964 | B5: 78.25 | D5: 31922 | E5: 18.6 | G5: =G4+7 -> 31940 | H5: =_xlfn.XLOOKUP(G5,D:D,E:E) -> 18.78 | I5: =MONTH(G5) -> 6 | J5: =YEAR(G5) -> 1987 | K5: 1 | L5: 1991 | M5: 22.5075 | O5: 8 | P5: 1987 | Q5: 18.8
A6: 32994 | B6: 75.375 | D6: 31923 | E6: 18.63 | G6: =G5+7 -> 31947 | H6: =_xlfn.XLOOKUP(G6,D:D,E:E) -> 19.05 | I6: =MONTH(G6) -> 6 | J6: =YEAR(G6) -> 1987 | K6: 1 | L6: 1992 | M6: 18.138 | O6: 9 | P6: 1987 | Q6: 18.3025
A7: 33025 | B7: 60.2 | D7: 31924 | E7: 18.6 | G7: =G6+7 -> 31954 | H7: =_xlfn.XLOOKUP(G7,D:D,E:E) -> 19.08 | I7: =MONTH(G7) -> 6 | J7: =YEAR(G7) -> 1987 | K7: 1 | L7: 1993 | M7: 14.014 | O7: 10 | P7: 1987 | Q7: 18.806
A8: 33055 | B8: 70.75 | D8: 31925 | E8: 18.6 | G8: =G7+7 -> 31961 | H8: =_xlfn.XLOOKUP(G8,D:D,E:E) -> 19.33 | I8: =MONTH(G8) -> 7 | J8: =YEAR(G8) -> 1987 | K8: 1 | L8: 1994 | M8: 14.4025 | O8: 11 | P8: 1987 | Q8: 17.7825
A9: 33086 | B9: 113.6 | D9: 31926 | E9: 18.58 | G9: =G8+7 -> 31968 | H9: =_xlfn.XLOOKUP(G9,D:D,E:E) -> 19.73 | I9: =MONTH(G9) -> 7 | J9: =YEAR(G9) -> 1987 | K9: 1 | L9: 1995 | M9: 16.54 | O9: 12 | P9: 1987 | Q9: 12.8325
A10: 33117 | B10: 133.625 | D10: 31929 | E10: 18.65 | G10: =G9+7 -> 31975 | H10: =_xlfn.XLOOKUP(G10,D:D,E:E) -> 20.63 | I10: =MONTH(G10) -> 7 | J10: =YEAR(G10) -> 1987 | K10: 1 | L10: 1996 | M10: 17.8275 | O10: 1 | P10: 1988 | Q10: 13.302
A11: 33147 | B11: 142.625 | D11: 31930 | E11: 18.68 | G11: =G10+7 -> 31982 | H11: =_xlfn.XLOOKUP(G11,D:D,E:E) -> 19.58 | I11: =MONTH(G11) -> 7 | J11: =YEAR(G11) -> 1987 | K11: 1 | L11: 1997 | M11: 23.472 | O11: 2 | P11: 1988 | Q11: 15.5125
A12: 33178 | B12: 138.7 | D12: 31931 | E12: 18.75 | G12: =G11+7 -> 31989 | H12: =_xlfn.XLOOKUP(G12,D:D,E:E) -> 20.03 | I12: =MONTH(G12) -> 7 | J12: =YEAR(G12) -> 1987 | K12: 1 | L12: 1998 | M12: 15.168 | O12: 3 | P12: 1988 | Q12: 14.815
A13: 33208 | B13: 143.625 | D13: 31932 | E13: 18.78 | G13: =G12+7 -> 31996 | H13: =_xlfn.XLOOKUP(G13,D:D,E:E) -> 19.65 | I13: =MONTH(G13) -> 8 | J13: =YEAR(G13) -> 1987 | K13: 1 | L13: 1999 | M13: 9.048 | O13: 4 | P13: 1988 | Q13: 13.23
A14: 33239 | B14: 142.375 | D14: 31933 | E14: 18.65 | G14: =G13+7 -> 32003 | H14: =_xlfn.XLOOKUP(G14,D:D,E:E) -> 19.25 | I14: =MONTH(G14) -> 8 | J14: =YEAR(G14) -> 1987 | K14: 1 | L14: 2000 | M14: 25.655 | O14: 5 | P14: 1988 | Q14: 16.4125
... A19: 33390 | B19: 91.875 | D19: 31940 | E19: 18.78 | G19: =G18+7 -> 32038 | H19: =_xlfn.XLOOKUP(G19,D:D,E:E) -> 18.3 | I19: =MONTH(G19) -> 9 | J19: =YEAR(G19) -> 1987 | K19: 1 | L19: 2005 | M19: 44.7925 | O19: 10 | P19: 1988 | Q19: 12.6575
A20: 33420 | B20: 71.625 | D20: 31943 | G20: =G19+7 -> 32045 | H20: =_xlfn.XLOOKUP(G20,D:D,E:E) -> 18.6 | I20: =MONTH(G20) -> 9 | J20: =YEAR(G20) -> 1987 | K20: 1 | L20: 2006 | M20: 63.47 | O20: 11 | P20: 1988 | Q20: 13.14
A21: 33451 | B21: 69.4 | D21: 31944 | E21: 18.9 | G21: =G20+7 -> 32052 | H21: =_xlfn.XLOOKUP(G21,D:D,E:E) -> 18.65 | I21: =MONTH(G21) -> 10 | J21: =YEAR(G21) -> 1987 | K21: 1 | L21: 2007 | M21: 52.5875 | O21: 12 | P21: 1988 | Q21: 15.382
A22: 33482 | B22: 69.1875 | D22: 31945 | E22: 19.03 | G22: =G21+7 -> 32059 | H22: =_xlfn.XLOOKUP(G22,D:D,E:E) -> 18.6 | I22: =MONTH(G22) -> 10 | J22: =YEAR(G22) -> 1987 | K22: 1 | L22: 2008 | M22: 92.3375 | O22: 1 | P22: 1989 | Q22: 17.395
A23: 33512 | B23: 80.0625 | D23: 31946 | E23: 19.05 | G23: =G22+7 -> 32066 | H23: =_xlfn.XLOOKUP(G23,D:D,E:E) -> 19 | I23: =MONTH(G23) -> 10 | J23: =YEAR(G23) -> 1987 | K23: 1 | L23: 2009 | M23: 43.2 | O23: 2 | P23: 1989 | Q23: 16.8375
A24: 33543 | B24: 88 | D24: 31947 | E24: 19.05 | G24: =G23+7 -> 32073 | H24: =_xlfn.XLOOKUP(G24,D:D,E:E) -> 18.98 | I24: =MONTH(G24) -> 10 | J24: =YEAR(G24) -> 1987 | K24: 1 | L24: 2010 | M24: 60.168 | O24: 3 | P24: 1989 | Q24: 15.022
A25: 33573 | B25: 74.25 | D25: 31950 | E25: 19.1 | G25: =G24+7 -> 32080 | H25: =_xlfn.XLOOKUP(G25,D:D,E:E) -> 18.8 | I25: =MONTH(G25) -> 10 | J25: =YEAR(G25) -> 1987 | K25: 1 | L25: 2011 | M25: 96.5025 | O25: 4 | P25: 1989 | Q25: 20.195
A26: 33604 | B26: 66.3 | D26: 31951 | E26: 18.9 | G26: =G25+7 -> 32087 | H26: =_xlfn.XLOOKUP(G26,D:D,E:E) -> 17.95 | I26: =MONTH(G26) -> 11 | J26: =YEAR(G26) -> 1987 | K26: 1 | L26: 2012 | M26: 110.21 | O26: 5 | P26: 1989 | Q26: 18.6375
A27: 33635 | B27: 66 | D27: 31952 | E27: 18.75 | G27: =G26+7 -> 32094 | H27: =_xlfn.XLOOKUP(G27,D:D,E:E) -> 17.8 | I27: =MONTH(G27) -> 11 | J27: =YEAR(G27) -> 1987 | K27: 1 | L27: 2013 | M27: 112.1175 | O27: 6 | P27: 1989 | Q27: 17.812
A28: 33664 | B28: 74.16667 | D28: 31953 | E28: 18.7 | G28: =G27+7 -> 32101 | H28: =_xlfn.XLOOKUP(G28,D:D,E:E) -> 17.6 | I28: =MONTH(G28) -> 11 | J28: =YEAR(G28) -> 1987 | K28: 1 | L28: 2014 | M28: 107.752 | O28: 7 | P28: 1989 | Q28: 17.49
A29: 33695 | B29: 75 | D29: 31954 | E29: 19.08 | G29: =G28+7 -> 32108 | H29: =_xlfn.XLOOKUP(G29,D:D,E:E) -> 17.78 | I29: =MONTH(G29) -> 11 | J29: =YEAR(G29) -> 1987 | K29: 1 | L29: 2015 | M29: 48.922 | O29: 8 | P29: 1989 | Q29: 16.7325
A30: 33725 | B30: 81.5 | D30: 31957 | E30: 19.15 | G30: =G29+7 -> 32115 | H30: =_xlfn.XLOOKUP(G30,D:D,E:E) -> 18 | I30: =MONTH(G30) -> 12 | J30: =YEAR(G30) -> 1987 | K30: 1 | L30: 2016 | M30: 24.814 | O30: 9 | P30: 1989 | Q30: 17.76
A31: 33756 | B31: 91.875 | D31: 31958 | E31: 19.08 | G31: =G30+7 -> 32122 | H31: =_xlfn.XLOOKUP(G31,D:D,E:E) -> 17.73 | I31: =MONTH(G31) -> 12 | J31: =YEAR(G31) -> 1987 | K31: 1 | L31: 2017 | M31: 55.0275 | O31: 10 | P31: 1989 | Q31: 18.9875
A32: 33786 | B32: 90 | D32: 31959 | E32: 18.98 | G32: =G31+7 -> 32129 | H32: =_xlfn.XLOOKUP(G32,D:D,E:E) -> 15.6 | I32: =MONTH(G32) -> 12 | J32: =YEAR(G32) -> 1987 | K32: 1 | L32: 2018 | M32: 69.0725 | O32: 11 | P32: 1989 | Q32: 18.82
... A158: 37622 | B158: 173.5 | D158: 32135 | E158: 17.1 | G158: =G157+7 -> 33011 | H158: =_xlfn.XLOOKUP(G158,D:D,E:E) -> 17.08 | I158: =MONTH(G158) -> 5 | J158: =YEAR(G158) -> 1990 | K158: 5 | L158: 1991 | M158: 19.132 | O158: 5 | P158: 2000 | Q158: 28.0025
A159: 37653 | B159: 175.125 | D159: 32136 | G159: =G158+7 -> 33018 | H159: =_xlfn.XLOOKUP(G159,D:D,E:E) -> 15.95 | I159: =MONTH(G159) -> 5 | J159: =YEAR(G159) -> 1990 | K159: 5 | L159: 1992 | M159: 19.888 | O159: 6 | P159: 2000 | Q159: 29.926
A160: 37681 | B160: 148.25 | D160: 32139 | E160: 17 | G160: =G159+7 -> 33025 | H160: =_xlfn.XLOOKUP(G160,D:D,E:E) -> 15.43 | I160: =MONTH(G160) -> 6 | J160: =YEAR(G160) -> 1990 | K160: 5 | L160: 1993 | M160: 18.465 | O160: 7 | P160: 2000 | Q160: 28.52
A161: 37712 | B161: 126.375 | D161: 32140 | E161: 17.38 | G161: =G160+7 -> 33032 | H161: =_xlfn.XLOOKUP(G161,D:D,E:E) -> 14.68 | I161: =MONTH(G161) -> 6 | J161: =YEAR(G161) -> 1990 | K161: 5 | L161: 1994 | M161: 16.265 | O161: 8 | P161: 2000 | Q161: 30.3675
A162: 37742 | B162: 137.9 | D162: 32141 | E162: 17.85 | G162: =G161+7 -> 33039 | H162: =_xlfn.XLOOKUP(G162,D:D,E:E) -> 15.15 | I162: =MONTH(G162) -> 6 | J162: =YEAR(G162) -> 1990 | K162: 5 | L162: 1995 | M162: 18.3275 | O162: 9 | P162: 2000 | Q162: 33.01
A163: 37773 | B163: 147.5 | D163: 32142 | E163: 17.6 | G163: =G162+7 -> 33046 | H163: =_xlfn.XLOOKUP(G163,D:D,E:E) -> 15.4 | I163: =MONTH(G163) -> 6 | J163: =YEAR(G163) -> 1990 | K163: 5 | L163: 1996 | M163: 18.898 | O163: 10 | P163: 2000 | Q163: 31.1475
A164: 37803 | B164: 170.5 | D164: 32143 | G164: =G163+7 -> 33053 | H164: =_xlfn.XLOOKUP(G164,D:D,E:E) -> 15.73 | I164: =MONTH(G164) -> 6 | J164: =YEAR(G164) -> 1990 | K164: 5 | L164: 1997 | M164: 19.046 | O164: 11 | P164: 2000 | Q164: 32.3775
A165: 37834 | B165: 159.7 | D165: 32146 | E165: 17.95 | G165: =G164+7 -> 33060 | H165: =_xlfn.XLOOKUP(G165,D:D,E:E) -> 15.35 | I165: =MONTH(G165) -> 7 | J165: =YEAR(G165) -> 1990 | K165: 5 | L165: 1998 | M165: 14.246 | O165: 12 | P165: 2000 | Q165: 25.538
A166: 37865 | B166: 147.75 | D166: 32147 | E166: 17.08 | G166: =G165+7 -> 33067 | H166: =_xlfn.XLOOKUP(G166,D:D,E:E) -> 17.03 | I166: =MONTH(G166) -> 7 | J166: =YEAR(G166) -> 1990 | K166: 5 | L166: 1999 | M166: 15.02 | O166: 1 | P166: 2001 | Q166: 25.9325
A167: 37895 | B167: 151.9 | D167: 32148 | E167: 17.9 | G167: =G166+7 -> 33074 | H167: =_xlfn.XLOOKUP(G167,D:D,E:E) -> 18 | I167: =MONTH(G167) -> 7 | J167: =YEAR(G167) -> 1990 | K167: 5 | L167: 2000 | M167: 28.0025 | O167: 2 | P167: 2001 | Q167: 27.79
A168: 37926 | B168: 154.75 | D168: 32149 | G168: =G167+7 -> 33081 | H168: =_xlfn.XLOOKUP(G168,D:D,E:E) -> 19.03 | I168: =MONTH(G168) -> 7 | J168: =YEAR(G168) -> 1990 | K168: 5 | L168: 2001 | M168: 28.3875 | O168: 3 | P168: 2001 | Q168: 24.468
A169: 37956 | B169: 141 | D169: 32150 | E169: 16.88 | G169: =G168+7 -> 33088 | H169: =_xlfn.XLOOKUP(G169,D:D,E:E) -> 24.13 | I169: =MONTH(G169) -> 8 | J169: =YEAR(G169) -> 1990 | K169: 5 | L169: 2002 | M169: 25.154 | O169: 4 | P169: 2001 | Q169: 25.81
A170: 37987 | B170: 141.4 | D170: 32153 | E170: 16.65 | G170: =G169+7 -> 33095 | H170: =_xlfn.XLOOKUP(G170,D:D,E:E) -> 26.3 | I170: =MONTH(G170) -> 8 | J170: =YEAR(G170) -> 1990 | K170: 5 | L170: 2003 | M170: 26.036 | O170: 5 | P170: 2001 | Q170: 28.3875
A171: 38018 | B171: 139 | D171: 32154 | E171: 15.95 | G171: =G170+7 -> 33102 | H171: =_xlfn.XLOOKUP(G171,D:D,E:E) -> 28.45 | I171: =MONTH(G171) -> 8 | J171: =YEAR(G171) -> 1990 | K171: 5 | L171: 2004 | M171: 37.7225 | O171: 6 | P171: 2001 | Q171: 27.788
A172: 38047 | B172: 144.5 | D172: 32155 | E172: 16.38 | G172: =G171+7 -> 33109 | H172: =_xlfn.XLOOKUP(G172,D:D,E:E) -> 31.65 | I172: =MONTH(G172) -> 8 | J172: =YEAR(G172) -> 1990 | K172: 5 | L172: 2005 | M172: 48.22 | O172: 7 | P172: 2001 | Q172: 24.705
A173: 38078 | B173: 152.6 | D173: 32156 | E173: 16.55 | G173: =G172+7 -> 33116 | H173: =_xlfn.XLOOKUP(G173,D:D,E:E) -> 27.8 | I173: =MONTH(G173) -> 8 | J173: =YEAR(G173) -> 1990 | K173: 5 | L173: 2006 | M173: 69.8325 | O173: 8 | P173: 2001 | Q173: 25.838
A174: 38108 | B174: 170.625 | D174: 32157 | E174: 16.65 | G174: =G173+7 -> 33123 | H174: =_xlfn.XLOOKUP(G174,D:D,E:E) -> 31.45 | I174: =MONTH(G174) -> 9 | J174: =YEAR(G174) -> 1990 | K174: 5 | L174: 2007 | M174: 67.575 | O174: 9 | P174: 2001 | Q174: 25.95
A175: 38139 | B175: 159.5 | D175: 32160 | E175: 16.83 | G175: =G174+7 -> 33130 | H175: =_xlfn.XLOOKUP(G175,D:D,E:E) -> 33.35 | I175: =MONTH(G175) -> 9 | J175: =YEAR(G175) -> 1990 | K175: 5 | L175: 2008 | M175: 123.202 | O175: 10 | P175: 2001 | Q175: 20.5625
A176: 38169 | B176: 162.9 | D176: 32161 | E176: 17.1 | G176: =G175+7 -> 33137 | H176: =_xlfn.XLOOKUP(G176,D:D,E:E) -> 36.95 | I176: =MONTH(G176) -> 9 | J176: =YEAR(G176) -> 1990 | K176: 5 | L176: 2009 | M176: 57.556 | O176: 11 | P176: 2001 | Q176: 18.906
A177: 38200 | B177: 167 | D177: 32162 | E177: 16.83 | G177: =G176+7 -> 33144 | H177: =_xlfn.XLOOKUP(G177,D:D,E:E) -> 41 | I177: =MONTH(G177) -> 9 | J177: =YEAR(G177) -> 1990 | K177: 5 | L177: 2010 | M177: 74.09 | O177: 12 | P177: 2001 | Q177: 18.7125
A178: 38231 | B178: 161.75 | D178: 32163 | E178: 17.08 | G178: =G177+7 -> 33151 | H178: =_xlfn.XLOOKUP(G178,D:D,E:E) -> 39.05 | I178: =MONTH(G178) -> 10 | J178: =YEAR(G178) -> 1990 | K178: 5 | L178: 2011 | M178: 113.2175 | O178: 1 | P178: 2002 | Q178: 19.6225
A179: 38261 | B179: 173.9 | D179: 32164 | E179: 16.7 | G179: =G178+7 -> 33158 | H179: =_xlfn.XLOOKUP(G179,D:D,E:E) -> 39.9 | I179: =MONTH(G179) -> 10 | J179: =YEAR(G179) -> 1990 | K179: 5 | L179: 2012 | M179: 110.0125 | O179: 2 | P179: 2002 | Q179: 20.1525
A180: 38292 | B180: 146.5 | D180: 32167 | E180: 16.45 | G180: =G179+7 -> 33165 | H180: =_xlfn.XLOOKUP(G180,D:D,E:E) -> 33.2 | I180: =MONTH(G180) -> 10 | J180: =YEAR(G180) -> 1990 | K180: 5 | L180: 2013 | M180: 102.282 | O180: 3 | P180: 2002 | Q180: 23.644
A181: 38322 | B181: 143.5 | D181: 32168 | G181: =G180+7 -> 33172 | H181: =_xlfn.XLOOKUP(G181,D:D,E:E) -> 33.73 | I181: =MONTH(G181) -> 10 | J181: =YEAR(G181) -> 1990 | K181: 5 | L181: 2014 | M181: 109.608 | O181: 4 | P181: 2002 | Q181: 25.205
A182: 38353 | B182: 157.5 | D182: 32169 | E182: 16.13 | G182: =G181+7 -> 33179 | H182: =_xlfn.XLOOKUP(G182,D:D,E:E) -> 35.05 | I182: =MONTH(G182) -> 11 | J182: =YEAR(G182) -> 1990 | K182: 5 | L182: 2015 | M182: 64.1 | O182: 5 | P182: 2002 | Q182: 25.154
A183: 38384 | B183: 171.25 | D183: 32170 | E183: 16.1 | G183: =G182+7 -> 33186 | H183: =_xlfn.XLOOKUP(G183,D:D,E:E) -> 34.25 | I183: =MONTH(G183) -> 11 | J183: =YEAR(G183) -> 1990 | K183: 5 | L183: 2016 | M183: 47.32 | O183: 6 | P183: 2002 | Q183: 24.1075
A184: 38412 | B184: 203 | D184: 32171 | E184: 16.28 | G184: =G183+7 -> 33193 | H184: =_xlfn.XLOOKUP(G184,D:D,E:E) -> 30.55 | I184: =MONTH(G184) -> 11 | J184: =YEAR(G184) -> 1990 | K184: 5 | L184: 2017 | M184: 50.0375 | O184: 7 | P184: 2002 | Q184: 25.8325
A185: 38443 | B185: 231.9 | D185: 32174 | E185: 16.1 | G185: =G184+7 -> 33200 | H185: =_xlfn.XLOOKUP(G185,D:D,E:E) -> 32.05 | I185: =MONTH(G185) -> 11 | J185: =YEAR(G185) -> 1990 | K185: 5 | L185: 2018 | M185: 76.775 | O185: 8 | P185: 2002 | Q185: 26.612
A186: 38473 | B186: 230.125 | D186: 32175 | E186: 16.18 | G186: =G185+7 -> 33207 | H186: =_xlfn.XLOOKUP(G186,D:D,E:E) -> 31.2 | I186: =MONTH(G186) -> 11 | J186: =YEAR(G186) -> 1990 | K186: 5 | L186: 2019 | M186: 70.456 | O186: 9 | P186: 2002 | Q186: 28.625
A187: 38504 | B187: 232.25 | D187: 32176 | E187: 16.15 | G187: =G186+7 -> 33214 | H187: =_xlfn.XLOOKUP(G187,D:D,E:E) -> 28.3 | I187: =MONTH(G187) -> 12 | J187: =YEAR(G187) -> 1990 | K187: 5 | L187: 2020 | M187: 23.478 | O187: 10 | P187: 2002 | Q187: 27.665
A188: 38534 | B188: 248.9 | D188: 32177 | E188: 16.18 | G188: =G187+7 -> 33221 | H188: =_xlfn.XLOOKUP(G188,D:D,E:E) -> 28.45 | I188: =MONTH(G188) -> 12 | J188: =YEAR(G188) -> 1990 | K188: 5 | L188: 2021 | M188: 68.5125 | O188: 11 | P188: 2002 | Q188: 24.636
A189: 38565 | B189: 261.75 | D189: 32178 | E189: 16.1 | G189: =G188+7 -> 33228 | H189: =_xlfn.XLOOKUP(G189,D:D,E:E) -> 26.9 | I189: =MONTH(G189) -> 12 | J189: =YEAR(G189) -> 1990 | K189: 5 | L189: 2022 | M189: 115.2 | O189: 12 | P189: 2002 | Q189: 28.5975
A190: 38596 | B190: 288.4 | D190: 32181 | E190: 16.5 | G190: =G189+7 -> 33235 | H190: =_xlfn.XLOOKUP(G190,D:D,E:E) -> 27.43 | I190: =MONTH(G190) -> 12 | J190: =YEAR(G190) -> 1990 | K190: 5 | L190: 2023 | M190: 75.535 | O190: 1 | P190: 2003 | Q190: 31.252
A191: 38626 | B191: 270.5 | D191: 32182 | E191: 16.4 | G191: =G190+7 -> 33242 | H191: =_xlfn.XLOOKUP(G191,D:D,E:E) -> 24.08 | I191: =MONTH(G191) -> 1 | J191: =YEAR(G191) -> 1991 | K191: 5 | L191: 2024 | M191: 81.512 | O191: 2 | P191: 2003 | Q191: 33.0625
A192: 38657 | B192: 256.375 | D192: 32183 | E192: 16.13 | G192: =G191+7 -> 33249 | H192: =_xlfn.XLOOKUP(G192,D:D,E:E) -> 26.05 | I192: =MONTH(G192) -> 1 | J192: =YEAR(G192) -> 1991 | K192: 5 | L192: 2025 | M192: 64.152 | O192: 3 | P192: 2003 | Q192: 29.8
A193: 38687 | B193: 255.8 | D193: 32184 | E193: 16.1 | G193: =G192+7 -> 33256 | H193: =_xlfn.XLOOKUP(G193,D:D,E:E) -> 19.1 | I193: =MONTH(G193) -> 1 | J193: =YEAR(G193) -> 1991 | K193: 6 | L193: 1987 | M193: 18.89 | O193: 4 | P193: 2003 | Q193: 25.015
... A228: 39753 | B228: 217.625 | D228: 32233 | E228: 15.65 | G228: =G227+7 -> 33501 | H228: =_xlfn.XLOOKUP(G228,D:D,E:E) -> 20.55 | I228: =MONTH(G228) -> 9 | J228: =YEAR(G228) -> 1991 | K228: 6 | L228: 2022 | M228: 122.425 | O228: 3 | P228: 2006 | Q228: 62.822
A229: 39783 | B229: 194.5 | D229: 32234 | G229: =G228+7 -> 33508 | H229: =_xlfn.XLOOKUP(G229,D:D,E:E) -> 21.48 | I229: =MONTH(G229) -> 9 | J229: =YEAR(G229) -> 1991 | K229: 6 | L229: 2023 | M229: 75.114 | O229: 4 | P229: 2006 | Q229: 53.3
A230: 39814 | B230: 225.7 | D230: 32237 | G230: =G229+7 -> 33515 | H230: =_xlfn.XLOOKUP(G230,D:D,E:E) -> 21.83 | I230: =MONTH(G230) -> 10 | J230: =YEAR(G230) -> 1991 | K230: 6 | L230: 2024 | M230: 83.3225 | O230: 5 | P230: 2006 | Q230: 69.8325
A231: 39845 | B231: 239.125 | D231: 32238 | E231: 15.5 | G231: =G230+7 -> 33522 | H231: =_xlfn.XLOOKUP(G231,D:D,E:E) -> 22.08 | I231: =MONTH(G231) -> 10 | J231: =YEAR(G231) -> 1991 | K231: 6 | L231: 2025 | M231: 73.03 | O231: 6 | P231: 2006 | Q231: 69.134
A232: 39873 | B232: 244.5 | D232: 32239 | E232: 15.38 | G232: =G231+7 -> 33529 | H232: =_xlfn.XLOOKUP(G232,D:D,E:E) -> 23 | I232: =MONTH(G232) -> 10 | J232: =YEAR(G232) -> 1991 | K232: 7 | L232: 1987 | M232: 19.86 | O232: 7 | P232: 2006 | Q232: 74.295
A233: 39904 | B233: 276.25 | D233: 32240 | E233: 15.53 | G233: =G232+7 -> 33536 | H233: =_xlfn.XLOOKUP(G233,D:D,E:E) -> 22.35 | I233: =MONTH(G233) -> 10 | J233: =YEAR(G233) -> 1991 | K233: 7 | L233: 1988 | M233: 14.966 | O233: 8 | P233: 2006 | Q233: 73.9
A234: 39934 | B234: 327.5 | D234: 32241 | E234: 15.55 | G234: =G233+7 -> 33543 | H234: =_xlfn.XLOOKUP(G234,D:D,E:E) -> 22.53 | I234: =MONTH(G234) -> 11 | J234: =YEAR(G234) -> 1991 | K234: 7 | L234: 1989 | M234: 17.49 | O234: 9 | P234: 2006 | Q234: 62.584
A235: 39965 | B235: 384.25 | D235: 32244 | E235: 16.2 | G235: =G234+7 -> 33550 | H235: =_xlfn.XLOOKUP(G235,D:D,E:E) -> 21.8 | I235: =MONTH(G235) -> 11 | J235: =YEAR(G235) -> 1991 | K235: 7 | L235: 1990 | M235: 17.3525 | O235: 10 | P235: 2006 | Q235: 57.95
A236: 39995 | B236: 382.8 | D236: 32245 | E236: 16.48 | G236: =G235+7 -> 33557 | H236: =_xlfn.XLOOKUP(G236,D:D,E:E) -> 21.63 | I236: =MONTH(G236) -> 11 | J236: =YEAR(G236) -> 1991 | K236: 7 | L236: 1991 | M236: 19.6225 | O236: 11 | P236: 2006 | Q236: 58.365
A237: 40026 | B237: 429.375 | D237: 32246 | E237: 16.55 | G237: =G236+7 -> 33564 | H237: =_xlfn.XLOOKUP(G237,D:D,E:E) -> 20.15 | I237: =MONTH(G237) -> 11 | J237: =YEAR(G237) -> 1991 | K237: 7 | L237: 1992 | M237: 20.366 | O237: 12 | P237: 2006 | Q237: 62.44
A238: 40057 | B238: 412.375 | D238: 32247 | E238: 16.65 | G238: =G237+7 -> 33571 | H238: =_xlfn.XLOOKUP(G238,D:D,E:E) -> 20.08 | I238: =MONTH(G238) -> 11 | J238: =YEAR(G238) -> 1991 | K238: 7 | L238: 1993 | M238: 16.692 | O238: 1 | P238: 2007 | Q238: 52.5875
A239: 40087 | B239: 423.1 | D239: 32248 | E239: 16.85 | G239: =G238+7 -> 33578 | H239: =_xlfn.XLOOKUP(G239,D:D,E:E) -> 19.05 | I239: =MONTH(G239) -> 12 | J239: =YEAR(G239) -> 1991 | K239: 7 | L239: 1994 | M239: 17.772 | O239: 2 | P239: 2007 | Q239: 57.825
A240: 40118 | B240: 462 | D240: 32251 | E240: 17.45 | G240: =G239+7 -> 33585 | H240: =_xlfn.XLOOKUP(G240,D:D,E:E) -> 19.05 | I240: =MONTH(G240) -> 12 | J240: =YEAR(G240) -> 1991 | K240: 7 | L240: 1995 | M240: 15.795 | O240: 3 | P240: 2007 | Q240: 62.934
A241: 40148 | B241: 438.75 | D241: 32252 | E241: 17.05 | G241: =G240+7 -> 33592 | H241: =_xlfn.XLOOKUP(G241,D:D,E:E) -> 18.55 | I241: =MONTH(G241) -> 12 | J241: =YEAR(G241) -> 1991 | K241: 7 | L241: 1996 | M241: 19.5725 | O241: 4 | P241: 2007 | Q241: 50.6
A242: 40179 | B242: 457.2 | D242: 32253 | E242: 16.78 | G242: =G241+7 -> 33599 | H242: =_xlfn.XLOOKUP(G242,D:D,E:E) -> 17.75 | I242: =MONTH(G242) -> 12 | J242: =YEAR(G242) -> 1991 | K242: 7 | L242: 1997 | M242: 13.745 | O242: 5 | P242: 2007 | Q242: 67.575
... A418: 45536 | B418: 422.5625 | D418: 32499 | E418: 15.25 | G418: =G417+7 -> 34831 | H418: =_xlfn.XLOOKUP(G418,D:D,E:E) -> 18.23 | I418: =MONTH(G418) -> 5 | J418: =YEAR(G418) -> 1995 | K418: 11 | L418: 2017 | M418: 62.6725 | O418: 1 | P418: 2022 | Q418: 87.6675
D419: 32500 | E419: 15.38 | G419: =G418+7 -> 34838 | H419: =_xlfn.XLOOKUP(G419,D:D,E:E) -> 18.43 | I419: =MONTH(G419) -> 5 | J419: =YEAR(G419) -> 1995 | K419: 11 | L419: 2018 | M419: 64.162 | O419: 2 | P419: 2022 | Q419: 97.275
D420: 32503 | G420: =G419+7 -> 34845 | H420: =_xlfn.XLOOKUP(G420,D:D,E:E) -> 17.8 | I420: =MONTH(G420) -> 5 | J420: =YEAR(G420) -> 1995 | K420: 11 | L420: 2019 | M420: 62.964 | O420: 3 | P420: 2022 | Q420: 119.74
D421: 32504 | E421: 16.25 | G421: =G420+7 -> 34852 | H421: =_xlfn.XLOOKUP(G421,D:D,E:E) -> 17.9 | I421: =MONTH(G421) -> 6 | J421: =YEAR(G421) -> 1995 | K421: 11 | L421: 2020 | M421: 42.565 | O421: 4 | P421: 2022 | Q421: 84.18
D422: 32505 | E422: 16.1 | G422: =G421+7 -> 34859 | H422: =_xlfn.XLOOKUP(G422,D:D,E:E) -> 17.68 | I422: =MONTH(G422) -> 6 | J422: =YEAR(G422) -> 1995 | K422: 11 | L422: 2021 | M422: 79.485 | O422: 5 | P422: 2022 | Q422: 115.2
D423: 32506 | E423: 15.9 | G423: =G422+7 -> 34866 | H423: =_xlfn.XLOOKUP(G423,D:D,E:E) -> 17.75 | I423: =MONTH(G423) -> 6 | J423: =YEAR(G423) -> 1995 | K423: 11 | L423: 2022 | M423: 92.0575 | O423: 6 | P423: 2022 | Q423: 122.425
D424: 32507 | E424: 16.23 | G424: =G423+7 -> 34873 | H424: =_xlfn.XLOOKUP(G424,D:D,E:E) -> 16.4 | I424: =MONTH(G424) -> 6 | J424: =YEAR(G424) -> 1995 | K424: 11 | L424: 2023 | M424: 83.0625 | O424: 7 | P424: 2022 | Q424: 112.74
D425: 32510 | G425: =G424+7 -> 34880 | H425: =_xlfn.XLOOKUP(G425,D:D,E:E) -> 16.58 | I425: =MONTH(G425) -> 6 | J425: =YEAR(G425) -> 1995 | K425: 11 | L425: 2024 | M425: 74.276 | O425: 8 | P425: 2022 | Q425: 100.3975
D426: 32511 | E426: 16.4 | G426: =G425+7 -> 34887 | H426: =_xlfn.XLOOKUP(G426,D:D,E:E) -> 16.1 | I426: =MONTH(G426) -> 7 | J426: =YEAR(G426) -> 1995 | K426: 12 | L426: 1987 | M426: 12.8325 | O426: 9 | P426: 2022 | Q426: 89.478
D427: 32512 | E427: 16.53 | G427: =G426+7 -> 34894 | H427: =_xlfn.XLOOKUP(G427,D:D,E:E) -> 15.8 | I427: =MONTH(G427) -> 7 | J427: =YEAR(G427) -> 1995 | K427: 12 | L427: 1988 | M427: 15.382 | O427: 10 | P427: 2022 | Q427: 94.39
D428: 32513 | E428: 16.58 | G428: =G427+7 -> 34901 | H428: =_xlfn.XLOOKUP(G428,D:D,E:E) -> 15.35 | I428: =MONTH(G428) -> 7 | J428: =YEAR(G428) -> 1995 | K428: 12 | L428: 1989 | M428: 19.812 | O428: 11 | P428: 2022 | Q428: 92.0575
D429: 32514 | E429: 16.85 | G429: =G428+7 -> 34908 | H429: =_xlfn.XLOOKUP(G429,D:D,E:E) -> 15.93 | I429: =MONTH(G429) -> 7 | J429: =YEAR(G429) -> 1995 | K429: 12 | L429: 1990 | M429: 27.77 | O429: 12 | P429: 2022 | Q429: 81.676
D430: 32517 | E430: 17 | G430: =G429+7 -> 34915 | H430: =_xlfn.XLOOKUP(G430,D:D,E:E) -> 16.08 | I430: =MONTH(G430) -> 8 | J430: =YEAR(G430) -> 1995 | K430: 12 | L430: 1991 | M430: 18.6 | O430: 1 | P430: 2023 | Q430: 83.04
D431: 32518 | E431: 16.75 | G431: =G430+7 -> 34922 | H431: =_xlfn.XLOOKUP(G431,D:D,E:E) -> 16.23 | I431: =MONTH(G431) -> 8 | J431: =YEAR(G431) -> 1995 | K431: 12 | L431: 1992 | M431: 13.7125 | O431: 2 | P431: 2023 | Q431: 82.1475
D432: 32519 | E432: 16.9 | G432: =G431+7 -> 34929 | H432: =_xlfn.XLOOKUP(G432,D:D,E:E) -> 16.03 | I432: =MONTH(G432) -> 8 | J432: =YEAR(G432) -> 1995 | K432: 12 | L432: 1993 | M432: 13.632 | O432: 3 | P432: 2023 | Q432: 78.378
D433: 32520 | E433: 16.85 | G433: =G432+7 -> 34936 | H433: =_xlfn.XLOOKUP(G433,D:D,E:E) -> 16.15 | I433: =MONTH(G433) -> 8 | J433: =YEAR(G433) -> 1995 | K433: 12 | L433: 1994 | M433: 15.938 | O433: 4 | P433: 2023 | Q433: 62.9975
D434: 32521 | E434: 17.4 | G434: =G433+7 -> 34943 | H434: =_xlfn.XLOOKUP(G434,D:D,E:E) -> 16.25 | I434: =MONTH(G434) -> 9 | J434: =YEAR(G434) -> 1995 | K434: 12 | L434: 1995 | M434: 17.978 | O434: 5 | P434: 2023 | Q434: 75.535
D435: 32524 | E435: 17.5 | G435: =G434+7 -> 34950 | H435: =_xlfn.XLOOKUP(G435,D:D,E:E) -> 16.93 | I435: =MONTH(G435) -> 9 | J435: =YEAR(G435) -> 1995 | K435: 12 | L435: 1996 | M435: 23.725 | O435: 6 | P435: 2023 | Q435: 75.114
D436: 32525 | E436: 17.78 | G436: =G435+7 -> 34957 | H436: =_xlfn.XLOOKUP(G436,D:D,E:E) -> 17.18 | I436: =MONTH(G436) -> 9 | J436: =YEAR(G436) -> 1995 | K436: 12 | L436: 1997 | M436: 13.0575 | O436: 7 | P436: 2023 | Q436: 81.055
D437: 32526 | E437: 17.95 | G437: =G436+7 -> 34964 | H437: =_xlfn.XLOOKUP(G437,D:D,E:E) -> 16.4 | I437: =MONTH(G437) -> 9 | J437: =YEAR(G437) -> 1995 | K437: 12 | L437: 1998 | M437: 7.1525 | O437: 8 | P437: 2023 | Q437: 86.6625
... D463: 32562 | E463: 17.1 | G463: =G462+7 -> 35146 | H463: =_xlfn.XLOOKUP(G463,D:D,E:E) -> 21.15 | I463: =MONTH(G463) -> 3 | J463: =YEAR(G463) -> 1996 | K463: 12 | L463: 2024 | M463: 73.9075 | O463: 10 | P463: 2025 | Q463: 63.923333
...

Sheet Brent raw 
A1: 31917 | B1: 18.63
A2: 31918 | B2: 18.45
A3: 31919 | B3: 18.55
A4: 31922 | B4: 18.6
A5: 31923 | B5: 18.63
A6: 31924 | B6: 18.6
A7: 31925 | B7: 18.6
A8: 31926 | B8: 18.58
A9: 31929 | B9: 18.65
A10: 31930 | B10: 18.68
A11: 31931 | B11: 18.75
A12: 31932 | B12: 18.78
... A18: 31940 | B18: 18.78
A19: 31943
A20: 31944 | B20: 18.9
A21: 31945 | B21: 19.03
A22: 31946 | B22: 19.05
A23: 31947 | B23: 19.05
A24: 31950 | B24: 19.1
A25: 31951 | B25: 18.9
A26: 31952 | B26: 18.75
A27: 31953 | B27: 18.7
A28: 31954 | B28: 19.08
A29: 31957 | B29: 19.15
A30: 31958 | B30: 19.08
A31: 31959 | B31: 18.98
... A157: 32135 | B157: 17.1
A158: 32136
A159: 32139 | B159: 17
A160: 32140 | B160: 17.38
A161: 32141 | B161: 17.85
A162: 32142 | B162: 17.6
A163: 32143
A164: 32146 | B164: 17.95
A165: 32147 | B165: 17.08
A166: 32148 | B166: 17.9
A167: 32149
A168: 32150 | B168: 16.88
A169: 32153 | B169: 16.65
A170: 32154 | B170: 15.95
A171: 32155 | B171: 16.38
A172: 32156 | B172: 16.55
A173: 32157 | B173: 16.65
A174: 32160 | B174: 16.83
A175: 32161 | B175: 17.1
A176: 32162 | B176: 16.83
A177: 32163 | B177: 17.08
A178: 32164 | B178: 16.7
A179: 32167 | B179: 16.45
A180: 32168
A181: 32169 | B181: 16.13
A182: 32170 | B182: 16.1
A183: 32171 | B183: 16.28
A184: 32174 | B184: 16.1
A185: 32175 | B185: 16.18
A186: 32176 | B186: 16.15
A187: 32177 | B187: 16.18
A188: 32178 | B188: 16.1
A189: 32181 | B189: 16.5
A190: 32182 | B190: 16.4
A191: 32183 | B191: 16.13
A192: 32184 | B192: 16.1
... A227: 32233 | B227: 15.65
A228: 32234
A229: 32237
A230: 32238 | B230: 15.5
A231: 32239 | B231: 15.38
A232: 32240 | B232: 15.53
A233: 32241 | B233: 15.55
A234: 32244 | B234: 16.2
A235: 32245 | B235: 16.48
A236: 32246 | B236: 16.55
A237: 32247 | B237: 16.65
A238: 32248 | B238: 16.85
A239: 32251 | B239: 17.45
A240: 32252 | B240: 17.05
A241: 32253 | B241: 16.78
... A418: 32500 | B418: 15.38
A419: 32503
A420: 32504 | B420: 16.25
A421: 32505 | B421: 16.1
A422: 32506 | B422: 15.9
A423: 32507 | B423: 16.23
A424: 32510
A425: 32511 | B425: 16.4
A426: 32512 | B426: 16.53
A427: 32513 | B427: 16.58
A428: 32514 | B428: 16.85
A429: 32517 | B429: 17
A430: 32518 | B430: 16.75
A431: 32519 | B431: 16.9
A432: 32520 | B432: 16.85
A433: 32521 | B433: 17.4
A434: 32524 | B434: 17.5
A435: 32525 | B435: 17.78
A436: 32526 | B436: 17.95
... A482: 32590 | B482: 19.93
A483: 32591
A484: 32594
A485: 32595 | B485: 19.73
...
